編號,專案,日期,月,日,星期,是否假日,時長,機位數量,工作性質,花絮,視訊切換,視訊連線,PA音控,大場分小場,導播人數,攝影人數,音控人數,直播人數,機動人數,花絮人數,視訊切換人數,視訊連線人數,人數
1,博思網路進場,2024/1/2,1,2,2,0,4.5,5,進場,0,0,0,0,0,1,4,1,1,1,0,0,0,8
2,博思網路,2024/1/3,1,3,3,0,5,5,直播,0,0,0,0,0,1,4,1,1,1,0,0,0,8
3,奕樂科技,2024/1/10,1,10,3,0,6,3,直播,0,0,0,1,0,1,2,1,1,0,0,0,0,5
4,DTxAWS(進),2024/1/10,1,10,3,0,4,4,進場,0,0,0,0,1,0,0,0,0,4,0,0,0,4
5,DTxAWS,2024/1/11,1,11,4,0,10,4,直播,0,0,0,0,1,1,3,5,1,0,0,0,0,10
6,GOOGLE,2024/1/12,1,12,5,0,3,3,錄製,0,0,0,0,0,0,3,1,0,1,0,0,0,5
7,高星x亞東醫院,2024/1/12,1,12,5,0,6,1,錄製,0,0,0,0,0,0,1,1,0,0,0,0,0,2
8,OPPO (進),2024/1/15,1,15,1,0,4,3,進場,0,0,0,0,0,1,2,0,2,0,0,0,2,7
9,OPPO,2024/1/16,1,16,2,0,7,3,直播,0,0,0,0,0,1,2,0,2,2,0,0,0,7
10,藝力國際x明基佳世達（進）,2024/1/15,1,15,1,0,3.5,0,進場,0,1,0,0,0,0,0,0,0,1,0,1,1,3
11,藝力國際x明基佳世達,2024/1/16,1,16,2,0,13.5,0,錄製,0,1,0,0,0,0,0,0,0,1,0,1,1,3
12,DT x ARM,2024/1/18,1,18,4,0,9.5,3,直播,0,0,0,0,0,1,2,1,1,0,0,0,1,6
13,高星 x 美敦力,2024/1/19,1,19,5,0,6,1,錄製,0,0,0,0,0,0,1,0,0,0,0,1,0,2
14,DT尾牙,2024/1/19,1,19,5,0,5,1,錄製,0,0,0,0,0,0,1,0,0,2,0,0,0,3
15,高星 x 兆勤,2024/1/24,1,24,3,0,6,1,錄製,0,0,0,0,0,0,1,0,0,1,0,1,0,3
16,高星 x 訊舟,2024/1/26,1,26,5,0,5.5,1,錄製,0,0,0,0,0,0,1,0,0,0,0,1,0,2
17,高星 x 優力,2024/1/26,1,26,5,0,6,1,錄製,0,0,0,0,0,0,1,0,0,0,0,1,0,2
18,高星 x 安聯,2024/1/26,1,26,5,0,6,1,錄製,0,0,0,0,0,0,1,0,0,0,0,1,0,2
19,高星 x 合勤,2024/1/31,1,31,3,0,6,1,錄製,0,0,0,0,0,0,1,0,0,1,0,1,0,3
20,拾酷 x GOOGLE尾牙 ＠ 現場四機轉播+花絮,2024/2/2,2,2,5,0,9.5,7,錄製,1,0,0,0,0,1,4,1,0,1,1,0,0,8
21,博渼 x 海盜手遊 ＠現場3+1機直播,2024/2/5,2,5,1,0,6,3,直播,0,0,0,0,0,1,3,2,1,0,0,0,0,7
22,超級好幸福歌友會,2024/2/18,2,18,7,1,14.5,3,直播,0,0,0,0,0,1,2,1,1,0,0,0,0,5
23,DT x 經濟部雙機直播(進場),2024/2/19,2,19,1,0,7,3,進場,0,0,0,0,0,1,2,1,1,0,0,0,0,5
24,DT x 經濟部雙機直播,2024/2/20,2,20,2,0,9.5,3,直播,0,0,0,0,0,1,2,1,2,0,0,0,0,6
25,台北國際書展進場,2024/2/19,2,19,1,0,5,1,進場,0,0,0,0,0,0,1,1,1,0,0,0,0,3
26,台北國際書展D1,2024/2/20,2,20,2,0,7.5,1,直播,0,0,0,0,0,0,1,1,1,0,0,0,0,3
27,台北國際書展D2,2024/2/21,2,21,3,0,4.5,1,直播,0,0,0,0,0,0,1,1,1,0,0,0,0,3
28,弈樂科技-聚寶online,2024/2/21,2,21,3,0,8.5,3,直播,0,0,0,0,0,1,2,1,1,0,0,0,0,5
29,台北國際書展D3,2024/2/22,2,22,4,0,4.5,1,直播,0,0,0,0,0,0,1,1,1,0,0,0,0,3
30,台北國際書展D4,2024/2/23,2,23,5,0,9.5,1,直播,0,0,0,0,0,0,1,1,1,0,0,0,0,3
31,台北國際書展D5,2024/2/24,2,24,6,1,9.5,1,直播,0,0,0,0,0,0,1,1,1,0,0,0,0,3
32,台北國際書展D6,2024/2/25,2,25,7,1,8.5,1,直播,0,0,0,0,0,0,1,1,1,0,0,0,0,3
33,中小企業(進場),2024/2/26,2,26,1,0,4,1,進場,0,1,0,1,0,0,1,1,1,0,0,1,0,4
34,中小企業,2024/2/27,2,27,2,0,8,1,直播,0,1,0,1,0,0,1,1,2,0,0,1,0,5
35,TCA進場,2024/2/28,2,28,3,0,5,3,進場,0,1,0,0,0,1,2,2,0,0,0,1,0,6
36,TCA,2024/2/29,2,29,4,0,6,3,錄製,0,1,0,0,0,1,2,2,0,0,0,1,0,6
37,2024新光保全,2024/3/1,3,1,5,0,8.5,0,直播,0,0,0,0,0,0,0,1,1,0,0,0,0,2
38,創立 x 隱適美-喜來登(進),2024/3/2,3,2,6,1,4,0,進場,0,1,0,0,0,0,0,0,0,0,0,2,0,2
39,影響力量公關 1,2024/3/3,3,3,7,1,5.5,1,直播,0,1,1,0,0,0,1,0,0,0,0,1,1,3
40,創立 x 隱適美-喜來登,2024/3/3,3,3,7,1,11,0,錄製,0,1,0,0,0,0,0,0,0,0,0,2,0,2
41,創立 x 隱適美-頒獎典禮(進),2024/3/3,3,3,7,1,3,0,進場,0,1,0,0,0,0,0,0,0,0,0,2,0,2
42,創立 x 隱適美-頒獎典禮,2024/3/4,3,4,1,0,10,0,錄製,0,1,0,0,0,0,0,0,0,0,0,2,0,2
43,創立 x 隱適美,2024/3/4,3,4,1,0,6.5,1,錄製,0,1,0,0,0,0,1,0,0,0,0,4,0,5
44,台哥大,2024/3/5,3,5,2,0,5,3,直播,0,0,0,0,0,1,2,1,1,0,0,0,0,5
45,SEMI台灣 半導體女力座談會,2024/3/8,3,8,5,0,8.5,1,直播,0,0,0,0,0,0,1,1,1,0,0,0,0,3
46,BN x 高通 現場單機直播(FB),2024/3/8,3,8,5,0,6,1,直播,0,0,0,0,0,0,1,0,1,0,0,0,0,2
47,摩奇 手遊三機直播 進場,2024/3/8,3,8,5,0,13,5,進場,1,0,0,0,0,1,2,0,1,0,0,0,0,4
48,摩奇 手遊三機直播,2024/3/9,3,9,6,1,12,5,直播,1,0,0,0,0,1,3,0,1,1,1,0,0,7
49,敦新科技 現場單機錄製(新竹),2024/3/13,3,13,3,0,5.5,1,錄製,0,0,0,0,0,0,1,1,0,0,0,0,0,2
50,中小企業(進場),2024/3/14,3,14,4,0,7.5,1,進場,0,1,0,1,0,0,1,1,0,1,0,1,0,4
51,中小企業,2024/3/15,3,15,5,0,8.5,1,錄製,0,1,0,1,0,0,1,1,0,1,0,1,0,4
52,影響力量公關 2,2024/3/16,3,16,6,1,3,0,直播,0,0,1,0,0,0,0,0,1,0,0,0,2,3
53,今周刊 x 2024 ESG永續台灣第四屆國際高峰會（進）,2024/3/17,3,17,7,1,5.5,3,進場,0,0,0,0,0,1,2,0,1,0,0,0,0,4
54,今周刊 x 2024 ESG永續台灣第四屆國際高峰會,2024/3/18,3,18,1,0,10.5,3,直播,0,0,0,0,0,1,2,1,1,0,0,0,0,5
55,摩奇 x 台英記者會,2024/3/20,3,20,3,0,8,1,直播,0,1,1,0,0,0,1,0,1,0,0,1,2,5
56,盛齊綠能,2024/3/21,3,21,4,0,7,1,直播,0,0,0,0,0,0,1,1,1,0,0,0,0,3
57,DT x AWS 韌性製造峰會 雲地聯防即戰力 重塑智慧供應鏈,2024/3/27,3,27,3,0,10,3,錄製,0,0,0,0,0,1,2,2,0,0,0,0,0,5
58,DT x AWS 智慧零售論壇,2024/3/28,3,28,4,0,9,3,錄製,0,0,0,0,1,3,0,0,0,3,0,0,0,6
59,中信 X 遠見,2024/3/28,3,28,4,0,8,3,直播,0,0,0,0,0,1,2,1,1,0,0,0,0,5
60,BN x 新商業學校,2024/3/30,3,30,6,1,8.5,3,直播,0,0,0,0,0,1,2,1,1,0,0,0,0,5
61,風紅企劃影片,2024/4/11,4,11,4,0,5,2,錄製,0,0,0,0,0,0,0,0,0,6,0,0,0,6
62,兒童健康聯盟 @單機視訊連線,2024/4/13,4,13,6,1,5.5,2,直播,0,0,1,0,0,1,2,0,1,0,0,0,0,4
63,艾利諾 x 阿里巴巴D1,2024/4/17,4,17,3,0,9,2,直播,0,0,0,0,0,0,1,0,1,2,0,0,0,4
64,艾利諾 x 阿里巴巴D2,2024/4/18,4,18,4,0,9,2,直播,0,0,0,0,0,0,1,0,1,2,0,0,0,4
65,艾利諾 x 阿里巴巴D3,2024/4/19,4,19,5,0,9,2,直播,0,0,0,0,0,0,1,0,1,2,0,0,0,4
66,艾利諾 x 阿里巴巴D4,2024/4/20,4,20,6,1,9,2,直播,0,0,0,0,0,0,1,0,1,2,0,0,0,4
67,影響力公關 _ 2024 CRM 共病照護系列會議,2024/4/21,4,21,7,1,7.5,1,直播,0,1,1,1,0,0,1,1,1,0,0,1,0,4
68,5% Design Action世界地球日 現場三機直播(FB+YT+UDN)D1,2024/4/22,4,22,1,0,9.5,4,直播,0,0,0,0,0,1,4,1,1,0,0,0,0,7
69,5% Design Action世界地球日 現場三機直播(FB+YT+UDN)D2,2024/4/23,4,23,2,0,9.5,4,直播,0,0,0,0,0,1,3,1,1,0,0,0,0,6
70,今周刊雙機直播（進場）,2024/4/23,4,23,2,0,5,3,進場,0,0,0,0,0,0,2,1,1,0,0,0,0,4
71,今周刊雙機直播+雙單機直播,2024/4/24,4,24,3,0,9,4,直播,0,0,0,0,0,1,3,1,1,0,0,0,0,6
72,康泰 棚內單機視訊連線錄製,2024/4/21,4,21,7,1,3,1,錄製,0,0,0,0,0,0,1,1,0,0,0,0,1,3
73,BN _新商業論壇＠單機視訊連線（進場）,2024/4/24,4,24,3,0,2,1,進場,0,1,1,0,0,0,0,1,0,0,0,0,1,2
74,BN _新商業論壇＠單機視訊連線（正式）,2024/4/25,4,25,4,0,5,1,直播,0,1,1,0,0,0,1,1,0,0,0,0,1,3
75,野村資產管理日本投資展望說明會,2024/4/25,4,25,4,0,4.5,1,錄製,0,0,0,0,0,0,1,1,0,1,0,0,0,3
76,康泰 棚內單機視訊連線錄製 1,2024/4/28,4,28,7,1,4,1,錄製,0,0,1,0,0,0,1,1,0,0,0,0,1,3
77,康泰 棚內單機視訊連線錄製 2,2024/4/29,4,29,1,0,2,1,錄製,0,0,1,0,0,0,1,1,0,0,0,0,1,3
78,康泰 棚內單機視訊連線錄製 3,2024/4/29,4,29,1,0,2.3,1,錄製,0,0,1,0,0,0,1,1,0,0,0,0,1,3
79,台大人口中心＠視訊連線,2024/5/3,5,3,5,0,9.5,0,直播,0,0,1,0,0,0,0,0,1,0,0,0,2,3
80,陽明交大 x 台印水環境論壇@現場雙擊視訊會議連線,2024/5/8,5,8,3,0,10,3,直播,0,1,1,0,0,1,2,0,1,0,0,1,0,5
81,DT x 貿澤 @現場單機直播,2024/5/9,5,9,4,0,8.5,1,直播,0,0,0,0,0,0,1,1,1,0,0,0,0,3
82,TCA x @雙機直播(進場),2024/5/13,5,13,1,0,4,3,進場,0,0,0,0,0,0,0,0,0,4,0,0,0,4
83,TCA x @雙機直播,2024/5/14,5,14,2,0,5,3,直播,0,0,0,0,0,1,2,1,1,0,0,0,0,5
84,BN新商業學校＠單機直播,2024/5/14,5,14,2,0,6.5,1,直播,0,0,0,0,0,0,1,1,1,0,0,0,0,3
85,包你發娛樂城,2024/5/15,5,15,3,0,6,3,直播,0,0,0,0,0,1,2,1,1,0,0,0,0,5
86,伯浩 棚內單機直播,2024/5/17,5,17,5,0,3,1,直播,0,0,0,1,0,0,1,1,1,0,0,0,0,3
87,博思 x SYM 現場三機直播(第一段),2024/5/21,5,21,2,0,6.5,4,直播,0,0,0,0,0,1,4,1,1,0,0,0,0,7
88,博思 x SYM 現場單機直播(第二段),2024/5/21,5,21,2,0,6.5,1,直播,0,0,0,0,0,0,1,1,1,2,0,0,0,5
89,台灣高鐵股東會,2024/5/23,5,23,4,0,3,0,直播,0,0,0,0,0,0,0,0,1,1,0,0,0,2
90,台北文創 x 名家會客室,2024/5/24,5,24,5,0,7,2,直播,0,0,0,0,0,1,2,0,1,0,0,0,0,4
91,影響力 - APME online workshop@全線上直播,2024/5/25,5,25,6,1,7,0,直播,0,0,1,0,0,0,0,0,1,0,0,0,2,3
92,康泰 兩岸視訊研討會,2024/5/25,5,25,6,1,9,0,直播,0,0,0,0,0,0,0,0,2,0,0,0,0,2
93,向夏 x 是德科技 棚內單機錄製,2024/5/29,5,29,3,0,2,1,錄製,0,0,0,0,0,0,1,1,0,1,0,0,0,3
94,美好證券 現場單機直播,2024/5/30,5,30,4,0,9,1,直播,0,0,0,0,0,0,1,1,1,0,0,0,0,3
95,innovex測試,2024/5/30,5,30,4,0,2,1,直播,0,0,0,0,0,0,1,0,2,0,0,0,0,3
96,innovex進場-Pi舞台,2024/6/3,6,3,1,0,6,1,進場,0,0,0,0,0,0,0,0,0,2,0,0,0,2
97,innovex進場-Center舞台,2024/6/3,6,3,1,0,8,3,進場,0,0,0,0,0,1,0,0,0,3,0,0,0,4
98,今周刊 1,2024/6/4,6,4,2,0,9,3,直播,0,0,0,0,0,1,2,1,1,0,0,0,0,5
99,innovex-Pi舞台D1,2024/6/4,6,4,2,0,8.5,1,錄製,0,0,0,0,0,0,1,1,0,1,0,0,0,3
100,innovex-Center舞台D1,2024/6/4,6,4,2,0,9,3,直播,0,0,0,0,0,1,2,1,1,0,0,0,0,5
101,圓桌會議進場,2024/6/4,6,4,2,0,3,4,進場,0,0,0,0,0,0,0,0,0,4,0,0,0,4
102,圓桌會議,2024/6/5,6,5,3,0,9,4,直播,0,0,0,0,0,1,3,1,1,0,0,1,0,7
103,數位發展部,2024/6/5,6,5,3,0,8,1,直播,0,0,1,0,0,0,1,1,1,0,0,0,0,3
104,innovex-Pi舞台D2,2024/6/5,6,5,3,0,8,1,錄製,0,0,0,0,0,0,1,1,0,0,0,0,0,2
105,innovex-Center舞台D2,2024/6/5,6,5,3,0,9,3,直播,0,0,0,0,0,1,2,1,1,0,0,0,0,5
106,innovex-Pi舞台D3,2024/6/6,6,6,4,0,7.5,3,直播,0,0,0,0,0,1,2,1,1,0,0,0,0,5
107,innovex-Center舞台D3,2024/6/6,6,6,4,0,9,3,直播,0,0,0,0,0,1,2,1,1,0,0,0,0,5
108,角川_百萬小說競賽,2024/6/6,6,6,4,0,5.5,3,直播,0,0,0,0,0,1,2,1,1,0,0,0,0,5
109,innovex-Pi舞台D4,2024/6/7,6,7,5,0,7.5,1,錄製,0,0,0,0,0,0,1,1,0,1,0,0,0,3
110,innovex-Center舞台D4,2024/6/7,6,7,5,0,8.5,3,直播,0,0,0,0,0,1,2,1,1,0,0,0,0,5
111,利眾撤場,2024/6/11,6,11,2,0,3.5,6,進場,0,0,0,0,0,0,0,0,0,3,0,0,0,3
112,ASML進場,2024/6/12,6,12,3,0,12,3,進場,1,1,1,1,0,1,2,1,0,1,1,1,1,8
113,ASML,2024/6/12,6,12,3,0,12,3,直播,1,1,1,1,0,1,3,1,0,1,1,1,1,9
114,智譽進場-台北,2024/6/15,6,15,6,1,5.5,2,進場,1,1,1,0,0,0,0,0,0,3,0,0,0,3
115,智譽進場-高雄,2024/6/15,6,15,6,1,3.5,2,進場,1,0,1,0,0,0,1,1,0,0,1,0,1,4
116,智譽進場-台中,2024/6/15,6,15,6,1,3.5,2,進場,1,0,1,0,0,0,1,1,0,0,1,0,1,4
117,智譽-台北,2024/6/16,6,16,7,1,5.5,2,直播,1,1,1,0,0,0,1,0,0,0,1,1,1,4
118,智譽-高雄,2024/6/16,6,16,7,1,6,2,直播,1,0,1,0,0,0,1,1,0,0,1,0,1,4
119,智譽-台中,2024/6/16,6,16,7,1,6,2,直播,1,0,1,0,0,0,1,1,0,0,1,0,1,4
120,DT 映陽,2024/6/18,6,18,2,0,9.5,3,錄製,0,0,0,0,0,1,1,1,0,0,0,0,0,3
121,是德進場,2024/6/19,6,19,3,0,4,3,進場,1,1,1,1,1,0,0,0,0,6,0,0,0,6
122,是德年會,2024/6/20,6,20,4,0,10.5,4,直播,1,1,1,1,1,1,4,7,0,1,1,0,0,14
123,圓球,2024/6/19,6,19,3,0,6,1,直播,0,0,0,0,0,0,1,0,1,0,0,0,0,2
124,可可達單機轉播,2024/6/20,6,20,4,0,5,1,錄製,0,0,0,0,0,0,1,0,0,0,0,0,0,1
125,DT AWS,2024/6/20,6,20,4,0,8,1,直播,0,0,0,0,0,0,1,1,1,1,0,0,0,4
126,中小企業進場,2024/6/20,6,20,4,0,10.5,3,進場,0,1,0,1,0,0,0,0,0,4,0,0,0,4
127,中小企業,2024/6/21,6,21,5,0,9,3,錄製,0,1,0,1,0,0,1,1,0,1,0,1,0,4
128,今周刊進場,2024/6/25,6,25,2,0,4,3,進場,0,1,0,1,0,0,1,1,2,0,0,1,0,5
129,今周刊 2,2024/6/26,6,26,3,0,10,3,直播,0,1,0,1,0,1,2,1,2,0,0,1,0,7
130,盛齊綠能,2024/6/28,6,28,5,0,9.5,1,直播,1,0,0,0,0,0,1,1,1,0,0,0,0,3
131,先勢 x OXO,2024/6/30,6,30,7,1,4,1,直播,1,0,0,0,0,0,1,1,1,0,0,0,0,3
132,拾酷 x 中央社 _ 中央社100週年社慶酒會@現場轉播,2024/7/1,7,1,1,0,11,0,錄製,0,0,0,0,0,1,0,1,0,1,0,0,0,3
133,弈樂科技,2024/7/3,7,3,3,0,6,3,直播,0,0,0,0,0,1,2,1,1,0,0,0,0,5
134,台北文創_名家會客室,2024/7/6,7,6,6,1,5,2,直播,0,0,0,0,0,1,2,0,1,0,0,0,0,4
135,博思 x SYM(進場),2024/7/11,7,11,4,0,6,3,進場,0,0,0,0,0,1,2,1,2,0,0,0,0,6
136,博思 x SYM,2024/7/12,7,12,5,0,8,3,直播,0,0,0,0,0,1,2,1,2,1,0,0,0,7
137,高德美(進場)1,2024/7/13,7,13,6,1,4,2,進場,0,0,0,1,0,0,1,1,0,1,0,1,0,4
138,高德美1,2024/7/13,7,13,6,1,10.5,2,錄製,0,0,0,1,0,0,2,1,0,0,0,1,0,4
139,拾酷進場,2024/7/18,7,18,4,0,2.5,1,進場,0,1,1,0,0,0,1,1,0,0,0,1,1,4
140,拾酷,2024/7/19,7,19,5,0,7.5,1,錄製,0,1,1,0,0,0,1,1,0,0,0,1,1,4
141,赫索測試,2024/7/20,7,20,6,1,4,0,進場,0,1,0,0,0,0,0,0,0,0,0,2,0,2
142,BN x FC 未來舞台,2024/7/26,7,26,5,0,5.5,2,直播,0,0,1,1,0,1,2,1,1,0,0,0,0,5
143,BN x FC 開放舞台,2024/7/26,7,26,5,0,5,3,直播,0,0,0,1,0,1,2,1,1,0,0,0,0,5
144,BN x FC 創新舞台D1,2024/7/26,7,26,5,0,10,2,直播,0,0,0,0,0,1,2,1,1,0,0,0,0,5
145,赫索 x 職籃選秀,2024/7/23,7,23,2,0,8,0,錄製,0,1,0,0,0,0,0,0,0,0,0,2,0,2
146,iThome進場,2024/7/22,7,22,1,0,9,3,進場,0,0,0,0,1,0,0,1,2,2,0,0,0,5
147,iThome x AWS,2024/7/23,7,23,2,0,13,4,直播,0,0,0,0,1,1,4,1,1,2,0,0,0,9
148,BN x 創新舞台D2,2024/7/26,7,26,5,0,10,1,直播,0,0,0,0,0,0,1,0,1,0,0,0,0,2
149,BN x 夏日舞台D1,2024/7/26,7,26,5,0,10,1,直播,0,0,0,0,0,0,1,0,1,1,0,0,0,3
150,BN x 夏日舞台D2,2024/7/27,7,27,6,1,5.5,1,直播,0,0,0,0,0,0,1,0,1,1,0,0,0,3
151,康泰糖尿病夏令營,2024/7/27,7,27,6,1,7,2,錄製,1,0,0,0,0,0,3,0,0,1,0,0,0,4
152,今周刊進場,2024/7/25,7,25,4,0,4,3,進場,0,0,0,0,0,0,0,0,1,2,0,0,0,3
153,今周刊 x 地方創生,2024/7/26,7,26,5,0,10,3,直播,0,0,0,0,0,1,2,0,1,0,0,0,0,4
154,高德美進場2,2024/7/27,7,27,6,1,5,2,進場,0,0,0,1,0,0,0,0,0,1,0,1,0,2
155,高德美2,2024/7/28,7,28,7,1,9.5,2,錄製,0,0,0,1,0,0,2,1,0,0,0,1,0,4
156,英飛凌進場,2024/7/28,7,28,7,1,3.5,3,進場,1,0,0,0,0,0,0,0,0,3,0,0,0,3
157,英飛凌,2024/7/29,7,29,1,0,9.5,3,錄製,1,0,0,0,0,0,2,0,1,0,1,0,1,5
158,BN錄製,2024/7/29,7,29,1,0,10.5,1,錄製,0,0,0,0,0,0,1,2,0,0,0,0,0,3
159,中小企業,2024/7/31,7,31,3,0,3.5,1,錄製,0,0,0,0,0,0,1,0,0,1,0,0,0,2
160,BN新商業學校,2024/8/1,8,1,4,0,5,1,直播,0,0,0,0,0,0,1,1,1,0,0,0,0,3
161,中小企業,2024/8/2,8,2,5,0,3.5,1,錄製,0,0,0,0,0,0,1,0,0,1,0,0,0,2
162,體育署槌球錦標賽,2024/8/3,8,3,6,1,10,4,直播,0,0,0,0,0,1,2,1,1,1,0,0,0,6
163,今周刊進場,2024/8/4,8,4,7,1,6.5,3,進場,0,0,0,0,0,0,1,1,1,1,0,0,0,4
164,今周刊現場雙機,2024/8/5,8,5,1,0,9,3,直播,0,0,0,0,0,1,2,1,1,0,0,0,0,5
165,Gate.io現場雙機訪談1,2024/8/6,8,6,2,0,8.5,3,錄製,0,0,0,0,0,0,3,0,0,1,0,0,0,4
166,中國信託,2024/8/6,8,6,2,0,3,1,錄製,0,0,0,0,0,0,1,1,0,0,0,0,0,2
167,風傳媒,2024/8/7,8,7,3,0,7,3,直播,0,0,0,0,0,1,2,0,1,0,0,1,0,5
168,影響力1,2024/8/7,8,7,3,0,4.5,1,直播,0,0,1,0,0,0,1,0,0,0,0,0,1,2
169,Gate.io現場雙機訪談2,2024/8/7,8,7,3,0,2.5,2,錄製,0,0,0,0,0,0,2,0,0,2,0,0,0,4
170,滑輪溜冰進場,2024/8/9,8,9,5,0,8.5,5,進場,0,0,0,0,0,1,3,1,1,2,0,0,0,8
171,滑輪溜冰 Day1,2024/8/10,8,10,6,1,12,5,直播,0,0,0,0,0,1,3,1,1,2,0,0,0,8
172,滑輪溜冰 Day2,2024/8/11,8,11,7,1,12,5,直播,0,0,0,0,0,1,3,1,1,2,0,0,0,8
173,台經院1,2024/8/12,8,12,1,0,4,1,直播,0,0,0,0,0,0,1,1,1,0,0,0,0,3
174,今周刊,2024/8/14,8,14,3,0,8,2,直播,0,0,0,0,0,1,1,0,1,0,0,0,0,3
175,中小企業_工作坊1,2024/8/14,8,14,3,0,4.5,1,錄製,0,0,0,0,0,0,1,0,0,1,0,0,0,2
176,尼爾森,2024/8/14,8,14,3,0,5.5,1,錄製,0,0,0,0,0,0,2,0,0,1,0,0,0,3
177,AWS單錄,2024/8/15,8,15,4,0,4,1,錄製,0,0,0,0,0,0,1,1,0,1,0,0,0,3
178,RADO測試,2024/8/15,8,15,4,0,2,1,直播,0,0,0,0,0,0,1,0,0,2,0,0,0,3
179,台經院2,2024/8/16,8,16,5,0,5.5,1,直播,0,0,0,0,0,0,1,0,1,0,0,0,0,2
180,iThome x Synology進場,2024/8/20,8,20,2,0,6,3,進場,0,0,0,0,0,1,0,1,1,3,0,0,0,6
181,中小企業_工作坊2,2024/8/20,8,20,2,0,2.5,1,錄製,0,0,0,0,0,0,1,0,0,1,0,0,0,2
182,iThome x Synology,2024/8/21,8,21,3,0,9,3,直播,0,0,0,0,0,1,2,1,1,0,0,0,0,5
183,台經院3,2024/8/21,8,21,3,0,5.5,1,直播,0,0,0,0,0,0,1,0,1,0,0,0,0,2
184,vivo1,2024/8/22,8,22,4,0,8.5,3,直播,1,0,0,0,0,1,3,1,1,0,1,0,0,7
185,智動協會1,2024/8/23,8,23,5,0,8,3,錄製,0,1,0,0,0,1,2,1,0,0,0,1,0,5
186,vivo2,2024/8/24,8,24,6,1,3,1,錄製,1,0,0,0,0,0,0,0,0,1,1,0,0,2
187,影響力2,2024/8/24,8,24,6,1,8,0,直播,0,0,1,0,0,0,0,0,1,0,0,0,2,3
188,環保局,2024/8/25,8,25,7,1,4,2,直播,0,0,0,0,0,1,2,1,1,0,0,0,0,5
189,智動協會2,2024/8/28,8,28,3,0,3.5,2,錄製,0,0,0,0,0,0,2,0,0,1,0,0,0,3
190,中小企業_工作坊3,2024/8/28,8,28,3,0,5,1,錄製,0,0,0,0,0,0,1,0,0,1,0,0,0,2
191,恆隆行,2024/8/28,8,28,3,0,8.5,3,錄製,0,0,0,1,0,1,3,1,0,1,0,0,0,6
192,RADO,2024/8/29,8,29,4,0,9,1,直播,0,0,0,0,0,0,1,0,1,2,0,0,0,4
193,iThome X AWS 進場,2024/8/29,8,29,4,0,6,5,進場,0,0,0,0,0,0,0,0,5,3,0,0,0,8
194,iThome X AWS 601,2024/8/30,8,30,5,0,10,1,直播,0,0,0,0,0,0,1,0,1,1,0,0,0,3
195,iThome X AWS 602,2024/8/30,8,30,5,0,10,1,直播,0,0,0,0,0,0,1,0,1,1,0,0,0,3
196,iThome X AWS 603,2024/8/30,8,30,5,0,10,1,直播,0,0,0,0,0,0,1,0,1,1,0,0,0,3
197,iThome X AWS 604,2024/8/30,8,30,5,0,10,1,直播,0,0,0,0,0,0,1,0,1,1,0,0,0,3
198,iThome X AWS 606,2024/8/30,8,30,5,0,10,1,直播,0,0,0,0,0,0,1,0,1,1,0,0,0,3
199,MERZ1,2024/9/1,9,1,7,1,4.5,1,錄製,0,0,0,0,0,0,1,1,0,1,0,0,0,3
200,今周刊1,2024/9/3,9,3,2,0,12.5,3,直播,0,0,0,0,0,1,2,1,1,0,0,0,0,5
201,向夏x觀光局,2024/9/4,9,4,3,0,4.5,0,錄製,0,1,0,1,0,0,0,1,0,1,0,1,0,3
202,Sandra & Jack 婚禮,2024/9/7,9,7,6,1,7.5,4,錄製,0,1,0,0,0,1,3,1,0,1,0,0,0,6
203,拾酷 x yamaha進場,2024/9/7,9,7,6,1,13,3,進場,0,1,0,0,0,1,0,0,0,0,0,1,0,2
204,拾酷 x yamaha,2024/9/8,9,8,7,1,10,3,錄製,0,1,0,0,0,1,2,1,0,0,0,1,0,5
205,住商D1,2024/9/10,9,10,2,0,14.5,2,錄製,1,0,0,0,0,0,1,1,0,0,1,0,0,3
206,住商D2,2024/9/11,9,11,3,0,9,2,錄製,1,0,0,0,0,0,1,1,0,0,1,0,0,3
207,光洋D1,2024/9/10,9,10,2,0,4,1,錄製,0,1,0,0,0,0,0,0,0,1,0,1,0,2
208,光洋D2,2024/9/11,9,11,3,0,9,1,錄製,0,1,0,0,0,0,1,0,0,0,0,1,0,2
209,AWS,2024/9/11,9,11,3,0,9,3,錄製,0,0,0,0,0,1,2,1,0,0,0,0,0,4
210,卓冠,2024/9/12,9,12,4,0,7,1,直播,0,0,0,0,0,0,1,1,1,1,0,0,0,4
211,BN,2024/9/13,9,13,5,0,5.5,2,直播,1,0,1,0,0,0,1,1,1,1,0,0,0,4
212,光洋,2024/9/13,9,13,5,0,11.5,1,錄製,0,1,0,0,0,0,1,0,0,0,0,1,0,2
213,庫泊,2024/9/14,9,14,6,1,10,3,直播,0,0,0,0,0,1,3,1,1,1,0,0,0,7
214,環境部D1,2024/9/16,9,16,1,0,4.5,1,直播,0,0,0,0,0,0,1,0,1,1,0,0,0,3
215,Datavideo測試,2024/9/16,9,16,1,0,2,0,進場,0,0,0,0,0,0,0,0,0,2,0,0,0,2
216,萊麗測試,2024/9/16,9,16,1,0,1.5,1,進場,0,0,0,0,0,0,0,0,0,3,0,0,0,3
217,科技新報,2024/9/18,9,18,3,0,3,1,錄製,0,0,0,0,0,0,2,1,0,0,0,0,0,3
218,圓桌進場,2024/9/18,9,18,3,0,5.5,3,進場,0,1,0,0,0,0,0,0,2,2,0,1,0,5
219,圓桌Day1,2024/9/19,9,19,4,0,9,3,直播,0,1,0,0,0,1,2,0,2,0,0,1,0,6
220,鉅亨網,2024/9/19,9,19,4,0,7.5,3,直播,1,0,0,1,0,1,3,1,1,1,1,0,0,8
221,萊茵Day1,2024/9/19,9,19,4,0,8.5,1,錄製,0,0,0,0,0,0,1,1,0,0,0,0,0,2
222,圓桌Day2,2024/9/20,9,20,5,0,7.5,3,直播,0,1,0,0,0,1,2,0,2,0,0,1,0,6
223,今周刊2,2024/9/20,9,20,5,0,8,3,直播,0,0,0,0,0,1,2,1,1,0,0,0,0,5
224,萊茵Day2,2024/9/20,9,20,5,0,8.5,1,錄製,0,0,0,0,0,0,1,1,0,0,0,0,0,2
225,台大人口中心,2024/9/20,9,20,5,0,2.5,1,錄製,0,0,0,0,0,0,1,1,0,0,0,0,0,2
226,庫泊 企業橄欖球聯賽開幕,2024/9/21,9,21,6,1,5.5,3,直播,0,0,0,0,0,1,3,1,1,0,0,0,0,6
227,天下雜誌進場,2024/9/23,9,23,1,0,4.5,3,進場,0,1,0,1,0,0,1,1,0,1,0,1,1,5
228,安聯錄製+推流,2024/9/23,9,23,1,0,6,1,錄製,0,0,0,0,0,1,1,0,1,0,0,0,0,3
229,天下雜誌,2024/9/24,9,24,2,0,10,3,錄製,0,1,0,1,0,1,2,1,0,1,0,1,0,6
230,環境部D2,2024/9/25,9,25,3,0,3.5,1,直播,1,0,0,0,0,0,1,1,1,0,0,0,0,3
231,DT x ST,2024/9/25,9,25,3,0,8,1,直播,0,1,0,0,0,0,1,0,2,0,0,1,0,4
232,卓冠 x 萊麗,2024/9/26,9,26,4,0,7.5,3,錄製,0,1,0,0,0,1,2,1,0,1,0,1,0,6
233,今周刊進場,2024/9/26,9,26,4,0,4,3,進場,0,0,0,0,0,0,1,0,1,1,0,0,0,3
234,今周刊3,2024/9/27,9,27,5,0,11,3,直播,0,0,0,0,0,1,2,1,1,0,0,0,0,5
235,凱基單機錄製,2024/9/27,9,27,5,0,2,1,錄製,0,0,0,0,0,0,1,1,0,1,0,0,0,3
236,庫泊橄欖球聯賽,2024/9/28,9,28,6,1,4.5,1,直播,0,0,0,0,0,0,1,0,1,0,0,0,0,2
237,吉時洋行,2024/9/28,9,28,6,1,8,3,直播,0,1,1,0,0,1,2,0,1,1,0,1,1,7
238,MERZ2,2024/9/30,9,30,1,0,4.5,1,錄製,0,0,0,0,0,0,0,1,0,2,0,0,0,3
239,MERZ,2024/10/1,10,1,2,0,7,1,錄製,0,0,0,1,0,0,1,1,0,1,0,0,0,3
240,英飛凌燈光,2024/10/1,10,1,2,0,2,0,錄製,0,0,0,0,0,0,0,0,0,2,0,0,0,2
241,數位時代 X Cyberbiz,2024/10/1,10,1,2,0,8.5,1,直播,0,0,0,0,0,0,1,1,1,0,0,0,0,3
242,磅礡行銷,2024/10/4,10,4,5,0,9,1,錄製,1,0,0,0,0,0,1,1,0,1,1,0,0,4
243,BN x 新商業學校,2024/10/8,10,8,2,0,9,1,錄製,0,0,0,0,0,0,1,1,0,0,0,0,0,2
244,AWS全球開店,2024/10/9,10,9,3,0,8,3,直播,0,0,0,0,0,1,2,1,1,0,0,0,0,5
245,弈樂,2024/10/9,10,9,3,0,10,3,直播,0,0,0,0,0,1,2,1,1,1,0,0,0,6
246,庫泊,2024/10/12,10,12,6,1,4,1,直播,0,0,0,0,0,0,1,1,1,0,0,0,0,3
247,AWS進場,2024/10/14,10,14,1,0,4,3,進場,0,0,0,0,1,0,0,3,0,1,0,0,0,4
248,AWS,2024/10/15,10,15,2,0,9.5,3,錄製,0,0,0,0,1,1,2,3,0,0,0,0,0,6
249,聯發科,2024/10/15,10,15,2,0,4,1,直播,0,0,1,0,0,0,1,1,0,0,0,0,1,3
250,TIFF進場,2024/10/15,10,15,2,0,5,3,進場,1,1,1,1,0,1,1,1,1,0,0,1,0,5
251,TCA x 未來科技展進場,2024/10/16,10,16,3,0,4,3,進場,0,0,0,0,0,1,1,1,1,1,0,0,0,5
252,TIFF,2024/10/16,10,16,3,0,10,3,直播,1,1,1,1,0,1,3,1,1,2,1,1,1,11
253,TCA x 未來科技館D1,2024/10/17,10,17,4,0,8,3,直播,0,0,0,0,0,1,3,1,1,1,0,0,0,7
254,TCA x 未來科技館D2,2024/10/18,10,18,5,0,8,3,直播,0,0,0,0,0,1,3,2,1,1,0,0,0,8
255,TCA x 未來科技館D3,2024/10/19,10,19,6,1,8,3,直播,0,0,0,0,0,1,3,1,1,0,0,0,0,6
256,庫泊 橄欖球,2024/10/19,10,19,6,1,5,1,直播,0,0,0,0,0,0,1,0,1,0,0,0,0,2
257,BN x 工研院 進場,2024/10/21,10,21,1,0,5,3,進場,0,0,0,0,0,0,2,1,1,0,0,0,0,4
258,BN x 工研院,2024/10/22,10,22,2,0,5,3,直播,1,0,0,0,0,1,2,1,1,0,1,0,0,6
259,TWINC進場,2024/10/22,10,22,2,0,4,3,進場,0,0,1,0,0,0,0,1,1,1,0,0,1,4
260,ASML進場,2024/10/23,10,23,3,0,6,3,進場,0,0,0,1,0,0,0,1,0,3,0,0,0,4
261,TWINC,2024/10/23,10,23,3,0,9.5,3,直播,0,0,1,0,0,1,2,1,1,0,0,0,1,6
262,ASML,2024/10/24,10,24,4,0,9.5,3,直播,0,1,0,1,0,1,3,1,1,1,0,1,0,8
263,DT單錄,2024/10/25,10,25,5,0,7.5,1,錄製,0,0,0,0,0,0,1,1,0,1,0,0,0,3
264,DT x 新唐,2024/10/25,10,25,5,0,6,3,直播,0,0,0,0,0,1,2,1,1,0,0,0,0,5
265,庫泊橄欖球企業聯賽,2024/10/26,10,26,6,1,7.5,3,直播,0,0,0,0,0,1,3,0,1,0,0,0,0,5
266,科技新報 x 工研院 專案影片,2024/10/28,10,28,1,0,4.5,2,錄製,0,0,0,0,0,0,2,0,0,3,0,0,0,5
267,庫泊橄欖球全國聯賽,2024/10/27,10,27,7,1,10.5,3,直播,0,0,0,0,0,1,3,0,1,1,0,0,0,6
268,DT x AWS 棚內錄製D1,2024/10/28,10,28,1,0,8,1,錄製,0,0,0,0,0,0,1,1,1,0,0,0,0,3
269,科技新報D1,2024/10/28,10,28,1,0,6,2,錄製,0,0,0,0,0,0,2,0,0,3,0,0,0,5
270,DT x AWS 棚內錄製D2,2024/10/29,10,29,2,0,8,1,錄製,0,0,0,0,0,0,1,1,1,0,0,0,0,3
271,科技新報D2,2024/10/29,10,29,2,0,5,2,錄製,0,0,0,0,0,0,2,0,0,3,0,0,0,5
272,科技新報D3,2024/10/30,10,30,3,0,5,2,錄製,0,0,0,0,0,0,2,0,0,3,0,0,0,5
273,就是設計,2024/10/30,10,30,3,0,5.5,1,錄製,0,0,0,0,0,0,1,2,0,0,0,0,0,3
274,新商業學校,2024/10/31,10,31,4,0,4.5,1,直播,0,0,0,0,0,0,1,0,1,0,0,0,0,2
275,金融展 主舞台進場,2024/10/31,10,31,4,0,9.5,3,進場,0,0,0,0,0,1,1,1,1,0,0,0,0,4
276,金融展 創新舞台進場,2024/10/31,10,31,4,0,9.5,1,進場,0,0,1,0,0,0,0,0,0,1,0,0,1,2
277,金融展 二樓舞台進場,2024/10/31,10,31,4,0,9.5,1,進場,0,0,1,0,0,0,0,0,0,1,0,0,1,2
278,金融展 人才舞台進場,2024/10/31,10,31,4,0,9.5,1,進場,0,0,0,0,0,0,0,1,0,0,0,0,1,2
279,KOL行動導覽,2024/10/31,10,31,4,0,9.5,1,進場,0,0,0,0,0,0,0,0,0,2,0,0,0,2
280,FinTech金融展 KOL移動直播,2024/11/1,11,1,5,0,3,1,直播,0,0,0,0,0,0,1,0,0,2,0,0,0,3
281,金融展 主舞台D1,2024/11/1,11,1,5,0,10,3,直播,0,0,0,0,0,1,2,1,1,0,0,0,0,5
282,金融展 創新舞台D1,2024/11/1,11,1,5,0,10,1,錄製,0,0,1,0,0,0,1,1,0,0,0,0,1,3
283,金融展 二樓舞台D1,2024/11/1,11,1,5,0,10,1,錄製,0,0,1,0,0,0,1,1,0,0,0,0,1,3
284,金融展 人才舞台D1,2024/11/1,11,1,5,0,10,1,錄製,0,0,0,0,0,0,1,2,0,0,0,0,0,3
285,圓球,2024/11/1,11,1,5,0,4.5,1,直播,0,0,0,0,0,0,1,1,1,1,0,0,0,4
286,金融展 主舞台D2,2024/11/2,11,2,6,1,7,3,錄製,0,0,0,0,0,1,2,1,0,0,0,0,0,4
287,金融展 創新舞台D2,2024/11/2,11,2,6,1,8,1,錄製,0,0,1,0,0,0,1,1,0,0,0,0,1,3
288,金融展 二樓舞台D2,2024/11/2,11,2,6,1,8,1,錄製,0,0,1,0,0,0,1,1,0,0,0,0,1,3
289,金融展 人才舞台D2,2024/11/2,11,2,6,1,8,1,錄製,0,0,0,0,0,0,1,1,0,0,0,0,0,2
290,科技新報D4,2024/11/4,11,4,1,0,10,2,錄製,0,0,0,0,0,0,2,0,0,2,0,0,0,4
291,環境部1,2024/11/4,11,4,1,0,7,1,直播,0,0,0,0,0,0,1,1,1,0,0,0,0,3
292,今周刊進場,2024/11/4,11,4,1,0,7,3,進場,0,0,0,0,0,1,1,1,1,0,0,0,0,4
293,聯發科,2024/11/4,11,4,1,0,4,2,直播,0,0,1,0,0,1,2,1,1,0,0,0,0,5
294,今周刊,2024/11/5,11,5,2,0,8.5,3,直播,0,0,0,0,0,1,2,1,1,0,0,0,0,5
295,DT x 台衫,2024/11/5,11,5,2,0,8,3,錄製,0,0,0,0,0,1,2,2,0,0,0,0,0,5
296,DT x AWS 亞馬遜全球開店進場,2024/11/5,11,5,2,0,2.5,3,進場,0,0,0,0,1,0,0,1,1,2,0,0,0,4
297,DT x AWS 亞馬遜全球開店,2024/11/6,11,6,3,0,11,3,直播,0,0,0,0,1,1,2,3,1,0,0,0,0,7
298,中小企業進場,2024/11/7,11,7,4,0,6.5,1,進場,0,1,0,1,0,0,0,1,0,2,0,1,0,4
299,好樂 x EMMA,2024/11/7,11,7,4,0,8,3,直播,0,0,0,1,0,1,3,1,1,0,0,0,0,6
300,中小企業,2024/11/8,11,8,5,0,7.5,1,錄製,0,1,0,1,0,0,1,1,0,1,0,1,0,4
301,環境部2,2024/11/8,11,8,5,0,6,1,直播,0,0,0,0,0,0,1,1,1,0,0,0,0,3
302,太極拳進場,2024/11/8,11,8,5,0,7,6,進場,0,0,0,0,0,1,3,1,1,0,0,0,0,6
303,太極拳D1,2024/11/9,11,9,6,1,10,6,直播,0,0,0,0,0,1,3,1,1,2,0,0,0,8
304,庫泊橄欖球,2024/11/9,11,9,6,1,5,1,直播,0,0,0,0,0,0,1,0,1,0,0,0,0,2
305,太極拳D2,2024/11/10,11,10,7,1,10,6,直播,0,0,0,0,0,1,3,1,1,2,0,0,0,8
306,環境部3,2024/11/11,11,11,1,0,4,1,直播,0,0,0,0,0,0,1,1,1,0,0,0,0,3
307,工研院進場,2024/11/13,11,13,3,0,12,2,進場,0,0,1,0,1,0,0,0,1,1,0,0,4,6
308,工研院彩排,2024/11/14,11,14,4,0,6,2,直播,0,0,1,1,1,3,1,0,1,0,0,0,6,11
309,科技新報,2024/11/14,11,14,4,0,7,3,直播,1,0,0,0,0,1,2,1,1,1,1,0,0,7
310,工研院 Cross-Board Startup Pitch Event,2024/11/15,11,15,5,0,4.5,2,直播,0,0,1,1,1,3,1,0,1,0,0,0,7,12
311,今周刊進場1,2024/11/15,11,15,5,0,4,4,進場,0,0,0,0,0,0,0,1,2,1,0,0,0,4
312,今周刊 總統與青年論壇,2024/11/16,11,16,6,1,8,4,直播,0,0,0,0,0,1,4,1,1,0,0,0,0,7
313,橄欖球,2024/11/16,11,16,6,1,5,1,直播,0,0,0,0,0,0,1,0,1,0,0,0,0,2
314,神通五十週年,2024/11/18,11,18,1,0,9.5,2,錄製,1,1,0,0,0,0,0,0,0,0,2,3,0,5
315,回應氣候變遷績效指標CCPI_記者會,2024/11/20,11,20,3,0,4.5,1,直播,0,0,0,0,0,0,1,1,1,0,0,0,0,3
316,今周刊 嘉義論壇,2024/11/20,11,20,3,0,9,3,直播,0,0,0,0,0,1,2,1,1,0,0,0,0,5
317,VIVO手機發表會,2024/11/21,11,21,4,0,6.5,3,直播,1,0,0,0,0,1,2,1,1,0,1,0,0,6
318,中華人文發展服務協會 進場,2024/11/21,11,21,4,0,7,1,進場,0,0,1,1,0,0,0,1,0,0,0,0,1,2
319,達豐現場單錄 1,2024/11/21,11,21,4,0,4.5,1,錄製,0,0,0,0,0,0,1,0,0,2,0,0,0,3
320,BN x 高通現場單機直播 進場,2024/11/21,11,21,4,0,4.5,1,進場,0,0,0,0,0,0,0,1,1,1,0,0,0,3
321,OPPO手機發表會,2024/11/22,11,22,5,0,6.5,3,直播,1,0,0,0,0,1,2,1,1,0,0,0,0,5
322,2024高通台灣創新競賽決賽暨頒獎典禮,2024/11/22,11,22,5,0,5.5,1,直播,0,0,0,0,0,0,1,1,1,0,0,0,0,3
323,中華人文發展服務協會,2024/11/22,11,22,5,0,9.5,1,直播,0,0,1,1,0,0,1,1,1,0,0,0,1,4
324,達豐現場單錄 2,2024/11/23,11,23,6,1,4,1,錄製,0,0,0,0,0,0,1,0,0,2,0,0,0,3
325,庫泊 橄欖球,2024/11/24,11,24,7,1,5,1,直播,0,0,0,0,0,0,1,0,1,1,0,0,0,3
326,先勢公關 現場三機直播,2024/11/26,11,26,2,0,9,4,直播,0,1,0,0,0,1,3,1,1,2,0,1,0,9
327,DT 藍芽趨勢研討會,2024/11/27,11,27,3,0,8,0,直播,0,1,1,0,0,0,0,0,1,0,0,0,1,2
328,英飛凌單機錄製,2024/11/28,11,28,4,0,3,1,錄製,0,0,0,0,0,0,1,1,0,1,0,0,0,3
329,清大單機視訊進場,2024/11/28,11,28,4,0,9,2,進場,0,1,1,0,1,0,0,0,2,0,0,2,1,5
330,MVP經理人頒獎典禮,2024/11/28,11,28,4,0,7,4,直播,0,0,0,0,0,1,3,1,1,1,0,0,0,7
331,清大單機視訊,2024/11/29,11,29,5,0,9.5,2,直播,0,1,1,0,0,0,2,0,2,0,0,2,1,7
332,庫泊 x 企業橄欖球聯賽,2024/11/30,11,30,6,1,6.5,1,直播,0,0,0,0,0,0,1,0,1,0,0,0,0,2
333,影響力公關 APEM,2024/11/30,11,30,6,1,8,0,直播,0,0,1,0,0,0,0,0,1,0,0,0,2,3
334,野村投信 現場單機簡報攝製,2024/12/4,12,4,3,0,4,1,錄製,0,1,0,0,0,0,1,1,0,0,0,1,0,3
335,弈樂 x 包你發,2024/12/4,12,4,3,0,8,3,直播,0,0,0,0,0,1,2,1,1,0,0,0,0,5
336,高星測試,2024/12/5,12,5,4,0,5,1,直播,0,1,1,0,0,0,0,0,1,0,0,1,1,3
337,庫泊 橄欖球企業聯賽,2024/12/7,12,7,6,1,10,5,直播,0,0,0,0,0,1,4,1,1,1,0,0,0,8
338,影響力 TSN醫學研討會,2024/12/8,12,8,7,1,4.5,1,直播,0,1,1,1,0,0,1,1,0,0,0,1,1,4
339,BN x 台哥大,2024/12/9,12,9,1,0,7,2,錄製,1,0,0,0,0,0,1,1,0,1,1,0,0,4
340,「進場」今周刊 x 智見金屬產業新未來論壇,2024/12/9,12,9,1,0,9,3,進場,0,0,0,0,0,1,1,1,1,0,0,0,0,4
341,今周刊 x 智見金屬產業新未來論壇,2024/12/10,12,10,2,0,8.5,3,直播,0,0,0,0,0,1,2,1,1,0,0,0,0,5
342,今周刊 x 2025原物料投資契機,2024/12/11,12,11,3,0,9.5,3,直播,0,0,0,0,0,1,2,1,1,0,0,0,0,5
343,台北書展測試,2024/12/12,12,12,4,0,3.5,0,進場,0,1,0,0,0,0,0,0,0,3,0,0,0,3
344,台電女籃測試,2024/12/17,12,17,2,0,3.5,3,進場,0,1,0,0,0,0,0,0,0,3,0,0,0,3
345,橄欖球亞青賽進場,2024/12/17,12,17,2,0,4,6,進場,0,0,0,0,0,0,0,1,1,4,0,0,0,6
346,橄欖球亞青賽,2024/12/18,12,18,3,0,8,6,直播,0,0,0,0,0,1,6,1,1,2,0,0,0,11
347,可可達X美敦力,2024/12/20,12,20,5,0,8,1,錄製,0,0,0,0,0,0,1,1,0,1,0,0,0,3
348,科學人進場,2024/12/20,12,20,5,0,7,3,進場,1,0,0,0,0,0,1,0,0,2,0,1,0,4
349,科學人雜誌,2024/12/21,12,21,6,1,10.5,3,錄製,1,0,0,0,0,1,2,0,0,0,1,1,0,5
350,庫泊 x U19橄欖球亞青賽總決賽,2024/12/22,12,22,7,1,8.5,6,直播,0,0,0,0,0,1,6,1,1,2,0,0,0,11
351,「旅宿業減塑永續元年起跑」記者會,2024/12/24,12,24,2,0,3.5,1,直播,0,0,0,0,0,0,1,1,1,0,0,0,0,3
352,"圓球 x Benq 2024 明基佳世達集團正向力講座
陳冠宇",2024/12/25,12,25,3,0,4.5,1,直播,0,0,0,0,0,0,1,1,1,0,0,0,0,3
353,"圓球 x BenQ 2024 明基佳世達集團正向力講座
高志綱",2024/12/26,12,26,4,0,7.5,1,直播,0,0,0,0,0,0,1,1,1,0,0,0,0,3
354,環境部單機直播,2024/12/30,12,30,1,0,4,1,直播,0,0,0,0,0,0,1,1,1,0,0,0,0,3
355,高星x海科 現場單機轉播,2025/1/3,1,3,5,0,5.5,1,錄製,0,0,0,0,0,0,1,1,0,0,0,0,0,2
356,OPPO,2025/1/4,1,4,6,1,7,2,直播,1,0,0,0,0,0,1,0,0,2,1,0,0,4
357,高星 x 記銘 現場雙機轉播,2025/1/4,1,4,6,1,11,3,錄製,0,1,0,0,0,1,2,1,0,1,0,1,0,6
358,君綺中醫 Line FB雙機行動直播,2025/1/6,1,6,1,0,5.5,3,直播,0,0,0,0,0,1,2,2,1,1,0,0,0,7
359,藝力 x 明基佳世達尾牙進場,2025/1/7,1,7,2,0,1.5,0,進場,0,0,1,0,0,0,0,0,0,1,0,0,2,3
360,馨品 現場雙機錄製,2025/1/8,1,8,3,0,3,2,錄製,0,0,0,0,0,1,2,1,0,0,0,0,0,4
361,藝力 x 明基佳世達尾牙,2025/1/8,1,8,3,0,13.5,0,錄製,0,0,1,0,0,0,0,0,0,1,0,0,2,3
362,拾酷 x LINE 尾牙,2025/1/10,1,10,5,0,10,1,錄製,0,0,0,0,0,0,1,1,0,1,0,0,0,3
363,高星 x 飛捷 尾牙,2025/1/10,1,10,5,0,5,1,錄製,0,0,0,0,0,0,1,1,0,1,0,0,0,3
364,DT x AWS 上午主場雙機 下午分場單機*3 進場,2025/1/16,1,16,4,0,2,3,進場,0,0,0,0,1,0,2,3,0,1,0,0,0,6
365,DT x AWS 上午主場雙機 下午分場單機*3,2025/1/17,1,17,5,0,9.5,3,錄製,0,0,0,0,1,1,2,3,0,1,0,0,0,7
366,創立 x Intuitive 進場,2025/1/19,1,19,7,1,8,0,進場,0,1,0,1,0,0,0,1,0,2,0,1,0,4
367,創立 x Intuitive,2025/1/20,1,20,1,0,11,0,錄製,0,1,0,1,0,0,0,1,0,2,0,1,0,4
368,BN X 新商業學校 課程錄製 ＠單機錄製,2025/1/22,1,22,3,0,10,1,錄製,0,0,0,0,0,0,1,1,0,2,0,0,0,4
369,奧美集團尾牙 @ 單機轉播,2025/1/23,1,23,4,0,10,1,錄製,0,0,0,0,0,0,1,1,0,0,0,0,0,2
370,主內張佩玉姐妹安息禮拜 @ 三機直播+視訊切換進場,2025/1/23,1,23,4,0,1,3,進場,0,1,0,0,0,0,1,1,1,1,0,0,0,4
371,主內張佩玉姐妹安息禮拜 @ 三機直播+視訊切換,2025/1/24,1,24,5,0,2.5,3,直播,0,1,0,0,0,1,3,1,1,1,0,1,0,8
372,台北國際書展 一樓直播 @ 單機直播 （進場）,2025/2/3,2,3,1,0,4.5,1,進場,0,0,0,0,0,0,1,1,1,2,0,0,0,5
373,台北國際書展Day1,2025/2/4,2,4,2,0,6.5,1,直播,0,0,0,0,0,0,1,1,1,0,0,0,0,3
374,台北國際書展 AI字幕進場,2025/2/4,2,4,2,0,4,0,進場,0,1,0,0,0,0,0,1,0,1,0,1,0,3
375,台北國際書展Day2,2025/2/5,2,5,3,0,5.5,1,直播,0,0,0,0,0,0,1,1,1,0,0,0,0,3
376,台北國際書展 AI字幕 Day1,2025/2/5,2,5,3,0,9,0,錄製,0,0,0,0,0,0,0,1,0,0,0,1,0,2
377,台北國際書展Day3,2025/2/6,2,6,4,0,5.5,1,直播,0,0,0,0,0,0,1,1,1,0,0,0,0,3
378,台北國際書展 AI字幕 Day2,2025/2/6,2,6,4,0,5,0,錄製,0,0,0,0,0,0,0,1,0,0,0,1,0,2
379,裕隆新春團拜 進場,2025/2/6,2,6,4,0,4,3,進場,0,0,0,0,0,0,0,0,1,2,0,0,0,3
380,裕隆新春團拜,2025/2/7,2,7,5,0,4,3,錄製,0,0,0,0,0,1,2,1,1,1,0,0,0,6
381,台北國際書展 AI字幕 Day3,2025/2/7,2,7,5,0,6,0,錄製,0,0,0,0,0,0,1,0,0,0,0,1,0,2
382,第三期溫室氣體階段管制目標（草案）公聽會,2025/2/7,2,7,5,0,7,3,直播,0,0,0,0,0,1,2,1,1,0,0,0,0,5
383,台北國際書展Day4,2025/2/7,2,7,5,0,9,1,直播,0,0,0,0,0,0,1,1,1,0,0,0,0,3
384,台北國際書展Day5,2025/2/8,2,8,6,1,10.5,1,直播,0,0,0,0,0,0,1,1,1,0,0,0,0,3
385,台北國際書展Day6,2025/2/9,2,9,7,1,9.5,1,直播,0,0,0,0,0,0,1,1,1,0,0,0,0,3
386,BN x 高通 現場單機直播,2025/2/11,2,11,2,0,6.5,1,直播,0,0,0,1,0,0,1,2,1,0,0,0,0,4
387,台大人口線上錄製 D1,2025/2/11,2,11,2,0,1,0,錄製,0,0,0,0,0,0,0,0,0,1,0,0,0,1
388,BN x 中華電信 5G成果影片雙機拍攝,2025/2/13,2,13,4,0,8,2,錄製,0,0,0,0,0,0,2,0,0,4,0,0,0,6
389,台大人口線上錄製 D2,2025/2/14,2,14,5,0,1,0,錄製,0,0,0,0,0,0,0,0,0,2,0,0,0,2
390,弈樂科技 現場雙機直播 (FB+YT),2025/2/15,2,15,6,1,8,3,直播,0,0,0,0,0,1,2,1,1,1,0,0,0,6
391,影子電影 x 福智佛教學院 （進場）,2025/2/15,2,15,6,1,8.5,5,進場,0,1,0,0,0,0,3,1,0,0,0,1,0,5
392,影子電影 x 福智佛教學院,2025/2/16,2,16,7,1,9,5,直播,0,0,0,0,0,1,3,1,1,0,0,1,0,7
393,BN x 中華電信 5G成果影片雙機拍攝,2025/2/17,2,17,1,0,8.5,2,錄製,0,0,0,0,0,0,3,0,0,3,0,0,0,6
394,好棒棒－單機視訊直播,2025/2/19,2,19,3,0,3.5,1,直播,0,0,1,0,0,0,1,1,1,0,0,0,1,4
395,今周刊《沸騰的護城河》新書分享會,2025/2/21,2,21,5,0,4.5,3,直播,0,0,0,0,0,1,2,1,1,0,0,0,0,5
396,高雄技術支援,2025/2/22,2,22,6,1,9,4,進場,0,0,0,0,0,0,0,0,0,1,0,0,0,1
397,高雄技術支援,2025/2/23,2,23,7,1,17,4,錄製,0,0,0,0,0,0,0,0,0,1,0,0,0,1
398,Merz x 美國音波 極透+ @單機轉播,2025/2/24,2,24,1,0,5,1,錄製,0,1,0,0,0,0,1,1,0,0,0,1,0,3
399,台大人口線上錄製 D4,2025/2/24,2,24,1,0,1,0,錄製,0,0,0,0,0,0,0,0,0,2,0,0,0,2
400,BN x 中華電信 5G成果影片雙機拍攝					,2025/2/24,2,24,1,0,7,1,錄製,0,0,0,0,0,0,1,0,0,3,0,0,0,4
401,台大人口線上錄製 D5,2025/2/24,2,24,1,0,1.5,0,錄製,0,0,0,0,0,0,0,0,0,2,0,0,0,2
402,AI語音預約 重塑餐飲未來－從服務到經營，迎接科技革命,2025/3/5,3,5,3,0,8,1,錄製,0,1,0,0,0,0,1,1,0,0,0,1,0,3
403,好棒棒 單機錄製,2025/3/8,3,8,6,1,6.5,1,錄製,0,0,0,0,0,0,1,1,0,1,0,0,0,3
404,今周刊 X AI新北市智慧健康體驗創新日 進場,2025/3/10,3,10,1,0,4,3,進場,0,1,0,0,0,0,2,0,1,0,0,1,0,4
405,今周刊 X AI新北市智慧健康體驗創新日,2025/3/11,3,11,2,0,9,3,直播,0,1,0,0,0,1,2,1,1,0,0,1,0,6
406,環境部 現場單機直播(FB) + 平面攝影,2025/3/13,3,13,4,0,5.5,1,直播,0,0,0,0,0,0,2,1,1,1,0,0,0,5
407,BN x 新商業學校,2025/3/18,3,18,2,0,9,2,直播,0,1,0,0,0,0,2,1,0,1,0,0,0,4
408,今周刊 ESG視訊切換 進場,2025/3/19,3,19,3,0,2,0,進場,0,0,0,0,0,0,0,0,0,2,0,1,0,3
409,利眾x三星 三星 Solve for Tomorrow 教師說明會研習計畫					,2025/3/19,3,19,3,0,5.5,1,直播,0,1,1,0,0,0,1,0,1,0,0,1,2,5
410,今周刊 ESG視訊切換,2025/3/19,3,19,3,0,9.5,0,錄製,0,1,0,0,0,0,0,1,0,0,0,1,0,2
411,盛齊綠能 單機直播,2025/3/21,3,21,5,0,8,1,直播,0,0,0,0,0,0,1,1,1,2,0,0,0,5
412,筆克 AWS,2025/3/26,3,26,3,0,4.5,1,直播,0,0,0,0,0,0,1,1,1,0,0,0,0,3
413,中小企業 進場,2025/3/26,3,26,3,0,3,1,進場,0,1,0,1,0,0,1,1,0,2,0,1,0,5
414,中小企業正式,2025/3/27,3,27,4,0,6.5,1,錄製,0,1,0,1,0,0,1,1,0,0,0,1,0,3
415,好棒棒 x New horizons:priorities for treatment for intensification in Managing CSPC ＠單機錄製,2025/3/27,3,27,4,0,8.5,1,錄製,0,0,1,0,0,0,1,1,0,0,0,0,1,3
416,沛羽 x 少女前線 2：追放 in Tokyo,2025/4/5,4,5,6,1,10,3,直播,0,0,0,0,0,1,2,1,1,2,0,0,0,7
417,威肯 x 環境部 大甲媽祖遶境 台灣乾淨,2025/4/5,4,5,6,1,9,2,直播,0,0,0,0,0,0,2,1,1,2,0,0,0,6
418,獨家解析川普暴力關稅衝擊-台灣政府及企業因應對策,2024/4/8,4,8,1,0,5,3,直播,0,0,0,0,0,1,2,1,1,0,0,0,0,5
419,DT 趨勢科技棚內單機錄製,2024/4/9,4,9,2,0,4.5,1,錄製,0,0,0,0,0,0,1,1,0,1,0,0,0,3
420,弈樂科技 x 包你發,2025/4/9,4,9,3,0,9,3,直播,0,0,0,0,0,1,2,1,1,0,0,0,0,5
421,DT x NI優立測 進場,2025/4/9,4,9,3,0,6.5,3,進場,0,1,0,1,0,0,1,1,0,1,0,1,0,4
422,DT x NI優立測,2025/4/10,4,10,4,0,6,3,錄製,0,1,0,1,0,1,2,1,0,1,0,1,0,6
423,DT x Adlink 現場場控*3 進場,2025/4/11,4,11,5,0,7.5,0,進場,0,0,0,0,0,0,0,0,0,0,0,3,0,3
424,優視德 DAY1,2025/4/12,4,12,6,1,6,1,錄製,1,0,0,0,0,0,1,1,0,1,1,0,0,4
425,優視德 DAY2,2025/4/13,4,13,7,1,7,1,錄製,1,0,0,0,0,0,1,1,0,1,1,0,0,4
426,環境部 x 台綜院,2025/4/14,4,14,1,0,5,1,直播,0,0,0,0,0,0,1,1,1,0,0,0,0,3
427,DT x Adlink 現場場控*3,2025/4/15,4,15,2,0,4.5,0,錄製,0,0,0,0,0,0,0,0,0,0,0,3,0,3
428,DT x Ti 進場,2025/4/15,4,15,2,0,9,0,進場,0,1,0,0,0,0,0,1,1,1,0,0,0,3
429,DT x Ti,2025/4/16,4,16,3,0,7.5,0,錄製,0,1,0,0,0,0,1,1,1,0,0,0,0,3
430,環境部 x 台綜院 淨零永續綠生活,2025/4/16,4,16,3,0,7,3,直播,0,0,0,0,0,1,2,1,1,0,0,0,0,5
431,利眾 x Dyson,2025/4/16,4,16,3,0,7,3,錄製,0,0,0,0,0,1,3,0,0,2,0,0,0,6
432,BN x智慧零售決勝點 AI x 數據驅動個人化體驗,2025/4/17,4,17,4,0,8.5,1,錄製,0,0,0,0,0,0,1,1,0,1,0,1,0,4
433,環境部 x 台綜院,2025/4/18,4,18,5,0,5.5,3,直播,0,0,0,0,0,1,2,1,1,0,0,0,0,5
434,永豐舞蹈拍攝 @單機錄製,2025/4/20,4,20,7,1,3.5,1,錄製,0,0,0,0,0,0,1,0,0,0,0,0,0,1
435,Merz,2025/4/21,4,21,1,0,4.5,1,錄製,0,1,0,0,0,0,1,1,0,0,0,1,0,3
436,360 Mobility Forum 智駕共創 馳騁新局,2025/4/24,4,24,4,0,8.5,1,錄製,0,0,0,0,0,0,1,1,0,1,0,0,0,3
437,英飛凌30周年人物影片攝影,2025/4/25,4,25,5,0,7,2,錄製,0,0,0,0,0,0,2,0,0,2,0,0,0,4
438,BN x 中華電信,2025/4/25,4,25,5,0,8.5,3,直播,0,0,0,0,0,1,2,1,1,0,0,0,0,5
439,環境用藥管理與選購記者會,2025/4/29,4,29,2,0,4,1,直播,0,0,0,0,0,0,1,1,1,0,0,0,0,3
440,BNx打造全方位Al行銷人才,2025/4/29,4,29,2,0,4,0,直播,0,0,1,0,0,0,0,0,1,0,0,0,1,2
441,創立 x 直覺@場控,2025/5/2,5,2,5,0,4,0,進場,0,1,0,0,0,0,0,0,0,1,0,2,0,3
442,MERZ @單機轉播,2025/5/2,5,2,5,0,4,1,錄製,0,0,0,0,0,0,1,1,0,1,0,0,0,3
443,異象醫療 ＠單機直播,2025/5/3,5,3,6,1,4.5,1,直播,1,0,0,0,0,0,1,1,1,1,0,0,0,4
444,創立 x 直覺@場控,2025/5/3,5,3,6,1,10,0,錄製,0,0,0,0,0,0,0,0,0,0,0,2,0,2
445,影響力,2025/5/4,5,4,7,1,4.5,1,直播,0,1,1,0,0,0,1,0,0,0,0,1,1,3
446,環境部－運輸部門社會溝通會議,2025/5/6,5,6,2,0,6,3,直播,0,0,0,0,0,1,2,1,1,0,0,0,0,5
447,BN x 棚內單機直播,2025/5/7,5,7,3,0,7,1,直播,0,0,0,0,0,0,1,1,1,0,0,0,0,3
448,Merz,2025/5/9,5,9,5,0,5.5,1,錄製,0,1,0,0,0,0,1,1,0,0,0,1,0,3
449,聯邦快遞,2025/5/9,5,9,5,0,3.5,1,錄製,0,0,0,0,0,0,1,1,0,1,0,0,0,3
450,聯邦快遞 現場直播推流,2025/5/13,5,13,2,0,4,1,直播,0,0,0,0,0,0,1,1,1,1,0,0,0,4
451,農業部門減碳旗艦行動計畫社會溝通議題,2025/5/13,5,13,2,0,6,3,直播,0,0,0,0,0,0,2,2,1,0,0,0,0,5
452,台北市士林社子島地區區段徵收事業計畫公聽會,2025/5/14,5,14,3,0,7.5,3,直播,0,0,0,0,0,1,2,1,1,0,0,0,0,5
453,中小企業 x 體育署 台灣國際品牌研習營 系列論壇（含進場）,2025/5/14,5,14,3,0,7,1,錄製,0,1,0,0,0,0,1,2,0,1,0,1,0,5
454,君綺醫美,2025/5/15,5,15,4,0,6,3,直播,0,0,0,0,1,1,3,2,2,0,0,0,0,8
455,庫泊 x 籃網球,2025/5/16,5,16,5,0,9.5,4,直播,0,0,0,0,0,1,4,1,1,1,0,0,0,8
456,源創進場,2025/5/18,5,18,7,1,5,3,進場,0,0,1,0,0,0,0,0,0,3,0,0,0,3
457,源創 x Qnity,2025/5/19,5,19,1,0,9,3,直播,0,0,1,0,0,1,2,1,1,0,0,0,0,5
458,InnoVEX*Center Day1,2025/5/20,5,20,2,0,8,3,直播,0,0,0,0,0,1,2,1,1,0,0,0,0,5
459,InnoVEX*PI Day1,2025/5/20,5,20,2,0,7,3,錄製,0,0,0,0,0,1,2,1,0,0,0,0,0,4
460,InnoVEX*PI Day2,2025/5/21,5,21,3,0,7,3,錄製,0,0,0,0,0,1,2,1,0,0,0,0,0,4
461,InnoVEX*Center Day2,2025/5/21,5,21,3,0,8,3,直播,0,0,0,0,0,1,2,1,1,0,0,0,0,5
462,博思 x SYM 新車發表會 進場,2025/5/21,5,21,3,0,4.5,4,進場,0,0,0,0,0,1,0,0,1,2,0,0,0,4
463,博思 x SYM 新車發表會,2025/5/22,5,22,4,0,6,4,直播,0,0,0,0,0,1,3,1,1,0,0,0,0,6
464,InnoVEX*PI Day3,2025/5/22,5,22,4,0,8,3,直播,0,0,0,0,0,1,2,1,1,0,0,0,0,5
465,台綜院x環境部,2025/5/23,5,23,5,0,6,3,直播,0,0,0,0,0,1,2,1,1,0,0,0,0,5
466,InnoVEX*PI Day4,2025/5/23,5,23,5,0,6,3,錄製,0,0,0,0,0,1,2,1,0,0,0,0,0,4
467,InnoVEX*Center Day4,2025/5/23,5,23,5,0,6,3,直播,0,0,0,0,0,1,2,1,1,0,0,0,0,5
468,異象醫藥 控台,2025/5/24,5,24,6,1,11.5,0,錄製,0,1,0,0,0,0,0,0,0,1,0,1,0,2
469,影響力量 視訊切換場控執行,2025/5/25,5,25,7,1,4.5,0,錄製,0,1,0,0,0,0,0,0,0,1,0,1,0,2
470,促進安控裝置加值轉型實證補助徵案說明會,2025/5/28,5,28,3,0,3,1,錄製,0,0,0,0,0,0,1,1,0,1,0,0,0,3